<?xml version="1.0" encoding="UTF-8" standalone="no"?><TaskList Version="2.0"><Query ConnectorKind="github" Handle="handle-18" LastRefreshTimeStamp="Okt 16, 17:40:29" Name="GitHub Issues javanarior-oss-pom" QueryString="" RepositoryUrl="http://github.com/javanarior/javanarior-oss-pom"><Attribute Key="state">open::closed::</Attribute></Query><Query ConnectorKind="github" Handle="handle-16" LastRefreshTimeStamp="Okt 16, 17:37:08" Name="GitHub Issues valueobject-library" QueryString="" RepositoryUrl="http://github.com/javanarior/valueobject-library"><Attribute Key="labels">bug::duplicate::enhancement::help wanted::invalid::question::wontfix::</Attribute><Attribute Key="state">open::closed::</Attribute></Query><Query ConnectorKind="github" Handle="handle-17" LastRefreshTimeStamp="Okt 16, 17:40:04" Name="GitHub Issues javanarior-build-resources" QueryString="" RepositoryUrl="http://github.com/javanarior/javanarior-build-resources"><Attribute Key="state">open::closed::</Attribute></Query><Query ConnectorKind="github" Handle="handle-15" LastRefreshTimeStamp="Okt 16, 17:32:59" Name="GitHub Issues java-utils" QueryString="" RepositoryUrl="http://github.com/javanarior/java-utils"><Attribute Key="state">open::closed::</Attribute></Query><Query ConnectorKind="github" Handle="handle-13" LastRefreshTimeStamp="Okt 16, 17:33:00" Name="GitHub Issues vo-lib" QueryString="" RepositoryUrl="http://github.com/javanarior/vo-lib"><Attribute Key="labels">bug::duplicate::enhancement::help wanted::invalid::question::wontfix::</Attribute><Attribute Key="state">open::closed::</Attribute></Query></TaskList>